,experiment,cloud,env,env_type,nodes,application,metric,value,gpu_count,setup
0,google/gke/gpu,google,gke,gpu,16,usernetes-vs-kubernetes,time_seconds,38.014,16,kubernetes
1,google/gke/gpu,google,gke,gpu,16,usernetes-vs-kubernetes,epoch_0_accuracy,0.6853,16,kubernetes
2,google/gke/gpu,google,gke,gpu,16,usernetes-vs-kubernetes,epoch_0_loss,0.8136,16,kubernetes
3,google/gke/gpu,google,gke,gpu,16,usernetes-vs-kubernetes,epoch_1_accuracy,0.7202,16,kubernetes
4,google/gke/gpu,google,gke,gpu,16,usernetes-vs-kubernetes,epoch_1_loss,0.7021,16,kubernetes
5,google/gke/gpu,google,gke,gpu,16,usernetes-vs-kubernetes,epoch_2_accuracy,0.7939,16,kubernetes
6,google/gke/gpu,google,gke,gpu,16,usernetes-vs-kubernetes,epoch_2_loss,0.5693,16,kubernetes
7,google/gke/gpu,google,gke,gpu,16,usernetes-vs-kubernetes,epoch_3_accuracy,0.8105,16,kubernetes
8,google/gke/gpu,google,gke,gpu,16,usernetes-vs-kubernetes,epoch_3_loss,0.5229,16,kubernetes
9,google/gke/gpu,google,gke,gpu,16,usernetes-vs-kubernetes,time_seconds,39.246,16,kubernetes
10,google/gke/gpu,google,gke,gpu,16,usernetes-vs-kubernetes,epoch_0_accuracy,0.6846,16,kubernetes
11,google/gke/gpu,google,gke,gpu,16,usernetes-vs-kubernetes,epoch_0_loss,0.8123,16,kubernetes
12,google/gke/gpu,google,gke,gpu,16,usernetes-vs-kubernetes,epoch_1_accuracy,0.7217,16,kubernetes
13,google/gke/gpu,google,gke,gpu,16,usernetes-vs-kubernetes,epoch_1_loss,0.7,16,kubernetes
14,google/gke/gpu,google,gke,gpu,16,usernetes-vs-kubernetes,epoch_2_accuracy,0.7947,16,kubernetes
15,google/gke/gpu,google,gke,gpu,16,usernetes-vs-kubernetes,epoch_2_loss,0.5697,16,kubernetes
16,google/gke/gpu,google,gke,gpu,16,usernetes-vs-kubernetes,epoch_3_accuracy,0.8106,16,kubernetes
17,google/gke/gpu,google,gke,gpu,16,usernetes-vs-kubernetes,epoch_3_loss,0.5219,16,kubernetes
18,google/gke/gpu,google,gke,gpu,16,usernetes-vs-kubernetes,time_seconds,40.883,16,kubernetes
19,google/gke/gpu,google,gke,gpu,16,usernetes-vs-kubernetes,epoch_0_accuracy,0.685,16,kubernetes
20,google/gke/gpu,google,gke,gpu,16,usernetes-vs-kubernetes,epoch_0_loss,0.8131,16,kubernetes
21,google/gke/gpu,google,gke,gpu,16,usernetes-vs-kubernetes,epoch_1_accuracy,0.7195,16,kubernetes
22,google/gke/gpu,google,gke,gpu,16,usernetes-vs-kubernetes,epoch_1_loss,0.7033,16,kubernetes
23,google/gke/gpu,google,gke,gpu,16,usernetes-vs-kubernetes,epoch_2_accuracy,0.7939,16,kubernetes
24,google/gke/gpu,google,gke,gpu,16,usernetes-vs-kubernetes,epoch_2_loss,0.5692,16,kubernetes
25,google/gke/gpu,google,gke,gpu,16,usernetes-vs-kubernetes,epoch_3_accuracy,0.8108,16,kubernetes
26,google/gke/gpu,google,gke,gpu,16,usernetes-vs-kubernetes,epoch_3_loss,0.5222,16,kubernetes
27,google/gke/gpu,google,gke,gpu,16,usernetes-vs-kubernetes,time_seconds,39.642,16,kubernetes
28,google/gke/gpu,google,gke,gpu,16,usernetes-vs-kubernetes,epoch_0_accuracy,0.6844,16,kubernetes
29,google/gke/gpu,google,gke,gpu,16,usernetes-vs-kubernetes,epoch_0_loss,0.8132,16,kubernetes
30,google/gke/gpu,google,gke,gpu,16,usernetes-vs-kubernetes,epoch_1_accuracy,0.7194,16,kubernetes
31,google/gke/gpu,google,gke,gpu,16,usernetes-vs-kubernetes,epoch_1_loss,0.7033,16,kubernetes
32,google/gke/gpu,google,gke,gpu,16,usernetes-vs-kubernetes,epoch_2_accuracy,0.7942,16,kubernetes
33,google/gke/gpu,google,gke,gpu,16,usernetes-vs-kubernetes,epoch_2_loss,0.5694,16,kubernetes
34,google/gke/gpu,google,gke,gpu,16,usernetes-vs-kubernetes,epoch_3_accuracy,0.811,16,kubernetes
35,google/gke/gpu,google,gke,gpu,16,usernetes-vs-kubernetes,epoch_3_loss,0.5227,16,kubernetes
36,google/gke/gpu,google,gke,gpu,16,usernetes-vs-kubernetes,time_seconds,72.455,16,kubernetes
37,google/gke/gpu,google,gke,gpu,16,usernetes-vs-kubernetes,epoch_0_accuracy,0.6836,16,kubernetes
38,google/gke/gpu,google,gke,gpu,16,usernetes-vs-kubernetes,epoch_0_loss,0.813,16,kubernetes
39,google/gke/gpu,google,gke,gpu,16,usernetes-vs-kubernetes,epoch_1_accuracy,0.7197,16,kubernetes
40,google/gke/gpu,google,gke,gpu,16,usernetes-vs-kubernetes,epoch_1_loss,0.7033,16,kubernetes
41,google/gke/gpu,google,gke,gpu,16,usernetes-vs-kubernetes,epoch_2_accuracy,0.7933,16,kubernetes
42,google/gke/gpu,google,gke,gpu,16,usernetes-vs-kubernetes,epoch_2_loss,0.5694,16,kubernetes
43,google/gke/gpu,google,gke,gpu,16,usernetes-vs-kubernetes,epoch_3_accuracy,0.8101,16,kubernetes
44,google/gke/gpu,google,gke,gpu,16,usernetes-vs-kubernetes,epoch_3_loss,0.5233,16,kubernetes
45,google/gke/gpu,google,gke,gpu,16,usernetes-vs-kubernetes,time_seconds,39.804,16,kubernetes
46,google/gke/gpu,google,gke,gpu,16,usernetes-vs-kubernetes,epoch_0_accuracy,0.6851,16,kubernetes
47,google/gke/gpu,google,gke,gpu,16,usernetes-vs-kubernetes,epoch_0_loss,0.8128,16,kubernetes
48,google/gke/gpu,google,gke,gpu,16,usernetes-vs-kubernetes,epoch_1_accuracy,0.7208,16,kubernetes
49,google/gke/gpu,google,gke,gpu,16,usernetes-vs-kubernetes,epoch_1_loss,0.7031,16,kubernetes
50,google/gke/gpu,google,gke,gpu,16,usernetes-vs-kubernetes,epoch_2_accuracy,0.7939,16,kubernetes
51,google/gke/gpu,google,gke,gpu,16,usernetes-vs-kubernetes,epoch_2_loss,0.5698,16,kubernetes
52,google/gke/gpu,google,gke,gpu,16,usernetes-vs-kubernetes,epoch_3_accuracy,0.811,16,kubernetes
53,google/gke/gpu,google,gke,gpu,16,usernetes-vs-kubernetes,epoch_3_loss,0.5214,16,kubernetes
54,google/gke/gpu,google,gke,gpu,2,usernetes-vs-kubernetes,time_seconds,32.08,2,kubernetes
55,google/gke/gpu,google,gke,gpu,2,usernetes-vs-kubernetes,epoch_0_accuracy,0.6849,2,kubernetes
56,google/gke/gpu,google,gke,gpu,2,usernetes-vs-kubernetes,epoch_0_loss,0.8132,2,kubernetes
57,google/gke/gpu,google,gke,gpu,2,usernetes-vs-kubernetes,epoch_1_accuracy,0.7191,2,kubernetes
58,google/gke/gpu,google,gke,gpu,2,usernetes-vs-kubernetes,epoch_1_loss,0.7027,2,kubernetes
59,google/gke/gpu,google,gke,gpu,2,usernetes-vs-kubernetes,epoch_2_accuracy,0.7939,2,kubernetes
60,google/gke/gpu,google,gke,gpu,2,usernetes-vs-kubernetes,epoch_2_loss,0.5695,2,kubernetes
61,google/gke/gpu,google,gke,gpu,2,usernetes-vs-kubernetes,epoch_3_accuracy,0.8101,2,kubernetes
62,google/gke/gpu,google,gke,gpu,2,usernetes-vs-kubernetes,epoch_3_loss,0.5212,2,kubernetes
63,google/gke/gpu,google,gke,gpu,2,usernetes-vs-kubernetes,time_seconds,33.224,2,kubernetes
64,google/gke/gpu,google,gke,gpu,2,usernetes-vs-kubernetes,epoch_0_accuracy,0.6848,2,kubernetes
65,google/gke/gpu,google,gke,gpu,2,usernetes-vs-kubernetes,epoch_0_loss,0.8124,2,kubernetes
66,google/gke/gpu,google,gke,gpu,2,usernetes-vs-kubernetes,epoch_1_accuracy,0.72,2,kubernetes
67,google/gke/gpu,google,gke,gpu,2,usernetes-vs-kubernetes,epoch_1_loss,0.7038,2,kubernetes
68,google/gke/gpu,google,gke,gpu,2,usernetes-vs-kubernetes,epoch_2_accuracy,0.7945,2,kubernetes
69,google/gke/gpu,google,gke,gpu,2,usernetes-vs-kubernetes,epoch_2_loss,0.5695,2,kubernetes
70,google/gke/gpu,google,gke,gpu,2,usernetes-vs-kubernetes,epoch_3_accuracy,0.8105,2,kubernetes
71,google/gke/gpu,google,gke,gpu,2,usernetes-vs-kubernetes,epoch_3_loss,0.5222,2,kubernetes
72,google/gke/gpu,google,gke,gpu,2,usernetes-vs-kubernetes,time_seconds,32.755,2,kubernetes
73,google/gke/gpu,google,gke,gpu,2,usernetes-vs-kubernetes,epoch_0_accuracy,0.6842,2,kubernetes
74,google/gke/gpu,google,gke,gpu,2,usernetes-vs-kubernetes,epoch_0_loss,0.8126,2,kubernetes
75,google/gke/gpu,google,gke,gpu,2,usernetes-vs-kubernetes,epoch_1_accuracy,0.7204,2,kubernetes
76,google/gke/gpu,google,gke,gpu,2,usernetes-vs-kubernetes,epoch_1_loss,0.7029,2,kubernetes
77,google/gke/gpu,google,gke,gpu,2,usernetes-vs-kubernetes,epoch_2_accuracy,0.794,2,kubernetes
78,google/gke/gpu,google,gke,gpu,2,usernetes-vs-kubernetes,epoch_2_loss,0.5689,2,kubernetes
79,google/gke/gpu,google,gke,gpu,2,usernetes-vs-kubernetes,epoch_3_accuracy,0.8106,2,kubernetes
80,google/gke/gpu,google,gke,gpu,2,usernetes-vs-kubernetes,epoch_3_loss,0.5213,2,kubernetes
81,google/gke/gpu,google,gke,gpu,2,usernetes-vs-kubernetes,time_seconds,33.255,2,kubernetes
82,google/gke/gpu,google,gke,gpu,2,usernetes-vs-kubernetes,epoch_0_accuracy,0.6847,2,kubernetes
83,google/gke/gpu,google,gke,gpu,2,usernetes-vs-kubernetes,epoch_0_loss,0.8124,2,kubernetes
84,google/gke/gpu,google,gke,gpu,2,usernetes-vs-kubernetes,epoch_1_accuracy,0.7221,2,kubernetes
85,google/gke/gpu,google,gke,gpu,2,usernetes-vs-kubernetes,epoch_1_loss,0.7012,2,kubernetes
86,google/gke/gpu,google,gke,gpu,2,usernetes-vs-kubernetes,epoch_2_accuracy,0.7939,2,kubernetes
87,google/gke/gpu,google,gke,gpu,2,usernetes-vs-kubernetes,epoch_2_loss,0.5694,2,kubernetes
88,google/gke/gpu,google,gke,gpu,2,usernetes-vs-kubernetes,epoch_3_accuracy,0.8091,2,kubernetes
89,google/gke/gpu,google,gke,gpu,2,usernetes-vs-kubernetes,epoch_3_loss,0.523,2,kubernetes
90,google/gke/gpu,google,gke,gpu,2,usernetes-vs-kubernetes,time_seconds,33.202,2,kubernetes
91,google/gke/gpu,google,gke,gpu,2,usernetes-vs-kubernetes,epoch_0_accuracy,0.6845,2,kubernetes
92,google/gke/gpu,google,gke,gpu,2,usernetes-vs-kubernetes,epoch_0_loss,0.8139,2,kubernetes
93,google/gke/gpu,google,gke,gpu,2,usernetes-vs-kubernetes,epoch_1_accuracy,0.721,2,kubernetes
94,google/gke/gpu,google,gke,gpu,2,usernetes-vs-kubernetes,epoch_1_loss,0.7019,2,kubernetes
95,google/gke/gpu,google,gke,gpu,2,usernetes-vs-kubernetes,epoch_2_accuracy,0.7938,2,kubernetes
96,google/gke/gpu,google,gke,gpu,2,usernetes-vs-kubernetes,epoch_2_loss,0.5695,2,kubernetes
97,google/gke/gpu,google,gke,gpu,2,usernetes-vs-kubernetes,epoch_3_accuracy,0.8105,2,kubernetes
98,google/gke/gpu,google,gke,gpu,2,usernetes-vs-kubernetes,epoch_3_loss,0.5236,2,kubernetes
99,google/gke/gpu,google,gke,gpu,32,usernetes-vs-kubernetes,time_seconds,46.373,32,kubernetes
100,google/gke/gpu,google,gke,gpu,32,usernetes-vs-kubernetes,epoch_0_accuracy,0.6861,32,kubernetes
101,google/gke/gpu,google,gke,gpu,32,usernetes-vs-kubernetes,epoch_0_loss,0.8115,32,kubernetes
102,google/gke/gpu,google,gke,gpu,32,usernetes-vs-kubernetes,epoch_1_accuracy,0.7196,32,kubernetes
103,google/gke/gpu,google,gke,gpu,32,usernetes-vs-kubernetes,epoch_1_loss,0.7043,32,kubernetes
104,google/gke/gpu,google,gke,gpu,32,usernetes-vs-kubernetes,epoch_2_accuracy,0.7939,32,kubernetes
105,google/gke/gpu,google,gke,gpu,32,usernetes-vs-kubernetes,epoch_2_loss,0.5689,32,kubernetes
106,google/gke/gpu,google,gke,gpu,32,usernetes-vs-kubernetes,epoch_3_accuracy,0.8107,32,kubernetes
107,google/gke/gpu,google,gke,gpu,32,usernetes-vs-kubernetes,epoch_3_loss,0.5218,32,kubernetes
108,google/gke/gpu,google,gke,gpu,32,usernetes-vs-kubernetes,time_seconds,45.525,32,kubernetes
109,google/gke/gpu,google,gke,gpu,32,usernetes-vs-kubernetes,epoch_0_accuracy,0.6848,32,kubernetes
110,google/gke/gpu,google,gke,gpu,32,usernetes-vs-kubernetes,epoch_0_loss,0.8125,32,kubernetes
111,google/gke/gpu,google,gke,gpu,32,usernetes-vs-kubernetes,epoch_1_accuracy,0.7203,32,kubernetes
112,google/gke/gpu,google,gke,gpu,32,usernetes-vs-kubernetes,epoch_1_loss,0.7029,32,kubernetes
113,google/gke/gpu,google,gke,gpu,32,usernetes-vs-kubernetes,epoch_2_accuracy,0.7942,32,kubernetes
114,google/gke/gpu,google,gke,gpu,32,usernetes-vs-kubernetes,epoch_2_loss,0.5688,32,kubernetes
115,google/gke/gpu,google,gke,gpu,32,usernetes-vs-kubernetes,epoch_3_accuracy,0.8107,32,kubernetes
116,google/gke/gpu,google,gke,gpu,32,usernetes-vs-kubernetes,epoch_3_loss,0.5222,32,kubernetes
117,google/gke/gpu,google,gke,gpu,32,usernetes-vs-kubernetes,time_seconds,45.093,32,kubernetes
118,google/gke/gpu,google,gke,gpu,32,usernetes-vs-kubernetes,epoch_0_accuracy,0.6848,32,kubernetes
119,google/gke/gpu,google,gke,gpu,32,usernetes-vs-kubernetes,epoch_0_loss,0.8129,32,kubernetes
120,google/gke/gpu,google,gke,gpu,32,usernetes-vs-kubernetes,epoch_1_accuracy,0.7211,32,kubernetes
121,google/gke/gpu,google,gke,gpu,32,usernetes-vs-kubernetes,epoch_1_loss,0.701,32,kubernetes
122,google/gke/gpu,google,gke,gpu,32,usernetes-vs-kubernetes,epoch_2_accuracy,0.7938,32,kubernetes
123,google/gke/gpu,google,gke,gpu,32,usernetes-vs-kubernetes,epoch_2_loss,0.569,32,kubernetes
124,google/gke/gpu,google,gke,gpu,32,usernetes-vs-kubernetes,epoch_3_accuracy,0.8108,32,kubernetes
125,google/gke/gpu,google,gke,gpu,32,usernetes-vs-kubernetes,epoch_3_loss,0.5219,32,kubernetes
126,google/gke/gpu,google,gke,gpu,32,usernetes-vs-kubernetes,time_seconds,46.644,32,kubernetes
127,google/gke/gpu,google,gke,gpu,32,usernetes-vs-kubernetes,epoch_0_accuracy,0.6843,32,kubernetes
128,google/gke/gpu,google,gke,gpu,32,usernetes-vs-kubernetes,epoch_0_loss,0.813,32,kubernetes
129,google/gke/gpu,google,gke,gpu,32,usernetes-vs-kubernetes,epoch_1_accuracy,0.7202,32,kubernetes
130,google/gke/gpu,google,gke,gpu,32,usernetes-vs-kubernetes,epoch_1_loss,0.7024,32,kubernetes
131,google/gke/gpu,google,gke,gpu,32,usernetes-vs-kubernetes,epoch_2_accuracy,0.7935,32,kubernetes
132,google/gke/gpu,google,gke,gpu,32,usernetes-vs-kubernetes,epoch_2_loss,0.5695,32,kubernetes
133,google/gke/gpu,google,gke,gpu,32,usernetes-vs-kubernetes,epoch_3_accuracy,0.8107,32,kubernetes
134,google/gke/gpu,google,gke,gpu,32,usernetes-vs-kubernetes,epoch_3_loss,0.5221,32,kubernetes
135,google/gke/gpu,google,gke,gpu,32,usernetes-vs-kubernetes,time_seconds,77.844,32,kubernetes
136,google/gke/gpu,google,gke,gpu,32,usernetes-vs-kubernetes,epoch_0_accuracy,0.6846,32,kubernetes
137,google/gke/gpu,google,gke,gpu,32,usernetes-vs-kubernetes,epoch_0_loss,0.8126,32,kubernetes
138,google/gke/gpu,google,gke,gpu,32,usernetes-vs-kubernetes,epoch_1_accuracy,0.7197,32,kubernetes
139,google/gke/gpu,google,gke,gpu,32,usernetes-vs-kubernetes,epoch_1_loss,0.7039,32,kubernetes
140,google/gke/gpu,google,gke,gpu,32,usernetes-vs-kubernetes,epoch_2_accuracy,0.7939,32,kubernetes
141,google/gke/gpu,google,gke,gpu,32,usernetes-vs-kubernetes,epoch_2_loss,0.5695,32,kubernetes
142,google/gke/gpu,google,gke,gpu,32,usernetes-vs-kubernetes,epoch_3_accuracy,0.8103,32,kubernetes
143,google/gke/gpu,google,gke,gpu,32,usernetes-vs-kubernetes,epoch_3_loss,0.5224,32,kubernetes
144,google/gke/gpu,google,gke,gpu,32,usernetes-vs-kubernetes,time_seconds,46.782,32,kubernetes
145,google/gke/gpu,google,gke,gpu,32,usernetes-vs-kubernetes,epoch_0_accuracy,0.6852,32,kubernetes
146,google/gke/gpu,google,gke,gpu,32,usernetes-vs-kubernetes,epoch_0_loss,0.8121,32,kubernetes
147,google/gke/gpu,google,gke,gpu,32,usernetes-vs-kubernetes,epoch_1_accuracy,0.7193,32,kubernetes
148,google/gke/gpu,google,gke,gpu,32,usernetes-vs-kubernetes,epoch_1_loss,0.7038,32,kubernetes
149,google/gke/gpu,google,gke,gpu,32,usernetes-vs-kubernetes,epoch_2_accuracy,0.7945,32,kubernetes
150,google/gke/gpu,google,gke,gpu,32,usernetes-vs-kubernetes,epoch_2_loss,0.5696,32,kubernetes
151,google/gke/gpu,google,gke,gpu,32,usernetes-vs-kubernetes,epoch_3_accuracy,0.8112,32,kubernetes
152,google/gke/gpu,google,gke,gpu,32,usernetes-vs-kubernetes,epoch_3_loss,0.5219,32,kubernetes
153,google/gke/gpu,google,gke,gpu,4,usernetes-vs-kubernetes,time_seconds,67.15,4,kubernetes
154,google/gke/gpu,google,gke,gpu,4,usernetes-vs-kubernetes,epoch_0_accuracy,0.6844,4,kubernetes
155,google/gke/gpu,google,gke,gpu,4,usernetes-vs-kubernetes,epoch_0_loss,0.8127,4,kubernetes
156,google/gke/gpu,google,gke,gpu,4,usernetes-vs-kubernetes,epoch_1_accuracy,0.7199,4,kubernetes
157,google/gke/gpu,google,gke,gpu,4,usernetes-vs-kubernetes,epoch_1_loss,0.7032,4,kubernetes
158,google/gke/gpu,google,gke,gpu,4,usernetes-vs-kubernetes,epoch_2_accuracy,0.7952,4,kubernetes
159,google/gke/gpu,google,gke,gpu,4,usernetes-vs-kubernetes,epoch_2_loss,0.5693,4,kubernetes
160,google/gke/gpu,google,gke,gpu,4,usernetes-vs-kubernetes,epoch_3_accuracy,0.8109,4,kubernetes
161,google/gke/gpu,google,gke,gpu,4,usernetes-vs-kubernetes,epoch_3_loss,0.5218,4,kubernetes
162,google/gke/gpu,google,gke,gpu,4,usernetes-vs-kubernetes,time_seconds,35.701,4,kubernetes
163,google/gke/gpu,google,gke,gpu,4,usernetes-vs-kubernetes,epoch_0_accuracy,0.6839,4,kubernetes
164,google/gke/gpu,google,gke,gpu,4,usernetes-vs-kubernetes,epoch_0_loss,0.814,4,kubernetes
165,google/gke/gpu,google,gke,gpu,4,usernetes-vs-kubernetes,epoch_1_accuracy,0.7203,4,kubernetes
166,google/gke/gpu,google,gke,gpu,4,usernetes-vs-kubernetes,epoch_1_loss,0.7026,4,kubernetes
167,google/gke/gpu,google,gke,gpu,4,usernetes-vs-kubernetes,epoch_2_accuracy,0.7945,4,kubernetes
168,google/gke/gpu,google,gke,gpu,4,usernetes-vs-kubernetes,epoch_2_loss,0.5693,4,kubernetes
169,google/gke/gpu,google,gke,gpu,4,usernetes-vs-kubernetes,epoch_3_accuracy,0.8108,4,kubernetes
170,google/gke/gpu,google,gke,gpu,4,usernetes-vs-kubernetes,epoch_3_loss,0.5222,4,kubernetes
171,google/gke/gpu,google,gke,gpu,4,usernetes-vs-kubernetes,time_seconds,33.909,4,kubernetes
172,google/gke/gpu,google,gke,gpu,4,usernetes-vs-kubernetes,epoch_0_accuracy,0.6853,4,kubernetes
173,google/gke/gpu,google,gke,gpu,4,usernetes-vs-kubernetes,epoch_0_loss,0.8126,4,kubernetes
174,google/gke/gpu,google,gke,gpu,4,usernetes-vs-kubernetes,epoch_1_accuracy,0.7192,4,kubernetes
175,google/gke/gpu,google,gke,gpu,4,usernetes-vs-kubernetes,epoch_1_loss,0.7032,4,kubernetes
176,google/gke/gpu,google,gke,gpu,4,usernetes-vs-kubernetes,epoch_2_accuracy,0.7942,4,kubernetes
177,google/gke/gpu,google,gke,gpu,4,usernetes-vs-kubernetes,epoch_2_loss,0.5692,4,kubernetes
178,google/gke/gpu,google,gke,gpu,4,usernetes-vs-kubernetes,epoch_3_accuracy,0.8109,4,kubernetes
179,google/gke/gpu,google,gke,gpu,4,usernetes-vs-kubernetes,epoch_3_loss,0.5221,4,kubernetes
180,google/gke/gpu,google,gke,gpu,4,usernetes-vs-kubernetes,time_seconds,35.575,4,kubernetes
181,google/gke/gpu,google,gke,gpu,4,usernetes-vs-kubernetes,epoch_0_accuracy,0.6858,4,kubernetes
182,google/gke/gpu,google,gke,gpu,4,usernetes-vs-kubernetes,epoch_0_loss,0.8108,4,kubernetes
183,google/gke/gpu,google,gke,gpu,4,usernetes-vs-kubernetes,epoch_1_accuracy,0.7225,4,kubernetes
184,google/gke/gpu,google,gke,gpu,4,usernetes-vs-kubernetes,epoch_1_loss,0.7006,4,kubernetes
185,google/gke/gpu,google,gke,gpu,4,usernetes-vs-kubernetes,epoch_2_accuracy,0.7935,4,kubernetes
186,google/gke/gpu,google,gke,gpu,4,usernetes-vs-kubernetes,epoch_2_loss,0.5694,4,kubernetes
187,google/gke/gpu,google,gke,gpu,4,usernetes-vs-kubernetes,epoch_3_accuracy,0.8102,4,kubernetes
188,google/gke/gpu,google,gke,gpu,4,usernetes-vs-kubernetes,epoch_3_loss,0.5227,4,kubernetes
189,google/gke/gpu,google,gke,gpu,4,usernetes-vs-kubernetes,time_seconds,34.382,4,kubernetes
190,google/gke/gpu,google,gke,gpu,4,usernetes-vs-kubernetes,epoch_0_accuracy,0.6849,4,kubernetes
191,google/gke/gpu,google,gke,gpu,4,usernetes-vs-kubernetes,epoch_0_loss,0.8134,4,kubernetes
192,google/gke/gpu,google,gke,gpu,4,usernetes-vs-kubernetes,epoch_1_accuracy,0.7211,4,kubernetes
193,google/gke/gpu,google,gke,gpu,4,usernetes-vs-kubernetes,epoch_1_loss,0.7022,4,kubernetes
194,google/gke/gpu,google,gke,gpu,4,usernetes-vs-kubernetes,epoch_2_accuracy,0.7946,4,kubernetes
195,google/gke/gpu,google,gke,gpu,4,usernetes-vs-kubernetes,epoch_2_loss,0.5694,4,kubernetes
196,google/gke/gpu,google,gke,gpu,4,usernetes-vs-kubernetes,epoch_3_accuracy,0.8103,4,kubernetes
197,google/gke/gpu,google,gke,gpu,4,usernetes-vs-kubernetes,epoch_3_loss,0.5219,4,kubernetes
198,google/gke/gpu,google,gke,gpu,4,usernetes-vs-kubernetes,time_seconds,35.77,4,kubernetes
199,google/gke/gpu,google,gke,gpu,4,usernetes-vs-kubernetes,epoch_0_accuracy,0.6841,4,kubernetes
200,google/gke/gpu,google,gke,gpu,4,usernetes-vs-kubernetes,epoch_0_loss,0.8136,4,kubernetes
201,google/gke/gpu,google,gke,gpu,4,usernetes-vs-kubernetes,epoch_1_accuracy,0.721,4,kubernetes
202,google/gke/gpu,google,gke,gpu,4,usernetes-vs-kubernetes,epoch_1_loss,0.7024,4,kubernetes
203,google/gke/gpu,google,gke,gpu,4,usernetes-vs-kubernetes,epoch_2_accuracy,0.7946,4,kubernetes
204,google/gke/gpu,google,gke,gpu,4,usernetes-vs-kubernetes,epoch_2_loss,0.5693,4,kubernetes
205,google/gke/gpu,google,gke,gpu,4,usernetes-vs-kubernetes,epoch_3_accuracy,0.8104,4,kubernetes
206,google/gke/gpu,google,gke,gpu,4,usernetes-vs-kubernetes,epoch_3_loss,0.5222,4,kubernetes
207,google/gke/gpu,google,gke,gpu,8,usernetes-vs-kubernetes,time_seconds,37.412,8,kubernetes
208,google/gke/gpu,google,gke,gpu,8,usernetes-vs-kubernetes,epoch_0_accuracy,0.6848,8,kubernetes
209,google/gke/gpu,google,gke,gpu,8,usernetes-vs-kubernetes,epoch_0_loss,0.8127,8,kubernetes
210,google/gke/gpu,google,gke,gpu,8,usernetes-vs-kubernetes,epoch_1_accuracy,0.7203,8,kubernetes
211,google/gke/gpu,google,gke,gpu,8,usernetes-vs-kubernetes,epoch_1_loss,0.7029,8,kubernetes
212,google/gke/gpu,google,gke,gpu,8,usernetes-vs-kubernetes,epoch_2_accuracy,0.7935,8,kubernetes
213,google/gke/gpu,google,gke,gpu,8,usernetes-vs-kubernetes,epoch_2_loss,0.5694,8,kubernetes
214,google/gke/gpu,google,gke,gpu,8,usernetes-vs-kubernetes,epoch_3_accuracy,0.8107,8,kubernetes
215,google/gke/gpu,google,gke,gpu,8,usernetes-vs-kubernetes,epoch_3_loss,0.5217,8,kubernetes
216,google/gke/gpu,google,gke,gpu,8,usernetes-vs-kubernetes,time_seconds,69.521,8,kubernetes
217,google/gke/gpu,google,gke,gpu,8,usernetes-vs-kubernetes,epoch_0_accuracy,0.6851,8,kubernetes
218,google/gke/gpu,google,gke,gpu,8,usernetes-vs-kubernetes,epoch_0_loss,0.8128,8,kubernetes
219,google/gke/gpu,google,gke,gpu,8,usernetes-vs-kubernetes,epoch_1_accuracy,0.7222,8,kubernetes
220,google/gke/gpu,google,gke,gpu,8,usernetes-vs-kubernetes,epoch_1_loss,0.7013,8,kubernetes
221,google/gke/gpu,google,gke,gpu,8,usernetes-vs-kubernetes,epoch_2_accuracy,0.794,8,kubernetes
222,google/gke/gpu,google,gke,gpu,8,usernetes-vs-kubernetes,epoch_2_loss,0.5697,8,kubernetes
223,google/gke/gpu,google,gke,gpu,8,usernetes-vs-kubernetes,epoch_3_accuracy,0.8109,8,kubernetes
224,google/gke/gpu,google,gke,gpu,8,usernetes-vs-kubernetes,epoch_3_loss,0.5222,8,kubernetes
225,google/gke/gpu,google,gke,gpu,8,usernetes-vs-kubernetes,time_seconds,38.216,8,kubernetes
226,google/gke/gpu,google,gke,gpu,8,usernetes-vs-kubernetes,epoch_0_accuracy,0.684,8,kubernetes
227,google/gke/gpu,google,gke,gpu,8,usernetes-vs-kubernetes,epoch_0_loss,0.8138,8,kubernetes
228,google/gke/gpu,google,gke,gpu,8,usernetes-vs-kubernetes,epoch_1_accuracy,0.7204,8,kubernetes
229,google/gke/gpu,google,gke,gpu,8,usernetes-vs-kubernetes,epoch_1_loss,0.7036,8,kubernetes
230,google/gke/gpu,google,gke,gpu,8,usernetes-vs-kubernetes,epoch_2_accuracy,0.7938,8,kubernetes
231,google/gke/gpu,google,gke,gpu,8,usernetes-vs-kubernetes,epoch_2_loss,0.5689,8,kubernetes
232,google/gke/gpu,google,gke,gpu,8,usernetes-vs-kubernetes,epoch_3_accuracy,0.8111,8,kubernetes
233,google/gke/gpu,google,gke,gpu,8,usernetes-vs-kubernetes,epoch_3_loss,0.5222,8,kubernetes
234,google/gke/gpu,google,gke,gpu,8,usernetes-vs-kubernetes,time_seconds,38.447,8,kubernetes
235,google/gke/gpu,google,gke,gpu,8,usernetes-vs-kubernetes,epoch_0_accuracy,0.6845,8,kubernetes
236,google/gke/gpu,google,gke,gpu,8,usernetes-vs-kubernetes,epoch_0_loss,0.8121,8,kubernetes
237,google/gke/gpu,google,gke,gpu,8,usernetes-vs-kubernetes,epoch_1_accuracy,0.7204,8,kubernetes
238,google/gke/gpu,google,gke,gpu,8,usernetes-vs-kubernetes,epoch_1_loss,0.7021,8,kubernetes
239,google/gke/gpu,google,gke,gpu,8,usernetes-vs-kubernetes,epoch_2_accuracy,0.7941,8,kubernetes
240,google/gke/gpu,google,gke,gpu,8,usernetes-vs-kubernetes,epoch_2_loss,0.5697,8,kubernetes
241,google/gke/gpu,google,gke,gpu,8,usernetes-vs-kubernetes,epoch_3_accuracy,0.811,8,kubernetes
242,google/gke/gpu,google,gke,gpu,8,usernetes-vs-kubernetes,epoch_3_loss,0.5219,8,kubernetes
243,google/gke/gpu,google,gke,gpu,8,usernetes-vs-kubernetes,time_seconds,37.544,8,kubernetes
244,google/gke/gpu,google,gke,gpu,8,usernetes-vs-kubernetes,epoch_0_accuracy,0.6849,8,kubernetes
245,google/gke/gpu,google,gke,gpu,8,usernetes-vs-kubernetes,epoch_0_loss,0.8109,8,kubernetes
246,google/gke/gpu,google,gke,gpu,8,usernetes-vs-kubernetes,epoch_1_accuracy,0.7207,8,kubernetes
247,google/gke/gpu,google,gke,gpu,8,usernetes-vs-kubernetes,epoch_1_loss,0.7019,8,kubernetes
248,google/gke/gpu,google,gke,gpu,8,usernetes-vs-kubernetes,epoch_2_accuracy,0.7937,8,kubernetes
249,google/gke/gpu,google,gke,gpu,8,usernetes-vs-kubernetes,epoch_2_loss,0.5694,8,kubernetes
250,google/gke/gpu,google,gke,gpu,8,usernetes-vs-kubernetes,epoch_3_accuracy,0.8107,8,kubernetes
251,google/gke/gpu,google,gke,gpu,8,usernetes-vs-kubernetes,epoch_3_loss,0.5224,8,kubernetes
252,google/gke/gpu,google,gke,gpu,8,usernetes-vs-kubernetes,time_seconds,36.837,8,kubernetes
253,google/gke/gpu,google,gke,gpu,8,usernetes-vs-kubernetes,epoch_0_accuracy,0.6848,8,kubernetes
254,google/gke/gpu,google,gke,gpu,8,usernetes-vs-kubernetes,epoch_0_loss,0.8121,8,kubernetes
255,google/gke/gpu,google,gke,gpu,8,usernetes-vs-kubernetes,epoch_1_accuracy,0.7205,8,kubernetes
256,google/gke/gpu,google,gke,gpu,8,usernetes-vs-kubernetes,epoch_1_loss,0.7025,8,kubernetes
257,google/gke/gpu,google,gke,gpu,8,usernetes-vs-kubernetes,epoch_2_accuracy,0.7938,8,kubernetes
258,google/gke/gpu,google,gke,gpu,8,usernetes-vs-kubernetes,epoch_2_loss,0.5693,8,kubernetes
259,google/gke/gpu,google,gke,gpu,8,usernetes-vs-kubernetes,epoch_3_accuracy,0.8107,8,kubernetes
260,google/gke/gpu,google,gke,gpu,8,usernetes-vs-kubernetes,epoch_3_loss,0.5225,8,kubernetes
261,google/compute-engine/gpu,google,compute-engine,gpu,16,usernetes-vs-kubernetes,time_seconds,309.509,16,usernetes
262,google/compute-engine/gpu,google,compute-engine,gpu,16,usernetes-vs-kubernetes,epoch_0_accuracy,0.6869,16,usernetes
263,google/compute-engine/gpu,google,compute-engine,gpu,16,usernetes-vs-kubernetes,epoch_0_loss,0.8284,16,usernetes
264,google/compute-engine/gpu,google,compute-engine,gpu,16,usernetes-vs-kubernetes,epoch_1_accuracy,0.7602,16,usernetes
265,google/compute-engine/gpu,google,compute-engine,gpu,16,usernetes-vs-kubernetes,epoch_1_loss,0.653,16,usernetes
266,google/compute-engine/gpu,google,compute-engine,gpu,16,usernetes-vs-kubernetes,epoch_2_accuracy,0.7755,16,usernetes
267,google/compute-engine/gpu,google,compute-engine,gpu,16,usernetes-vs-kubernetes,epoch_2_loss,0.5943,16,usernetes
268,google/compute-engine/gpu,google,compute-engine,gpu,16,usernetes-vs-kubernetes,epoch_3_accuracy,0.8071,16,usernetes
269,google/compute-engine/gpu,google,compute-engine,gpu,16,usernetes-vs-kubernetes,epoch_3_loss,0.5312,16,usernetes
270,google/compute-engine/gpu,google,compute-engine,gpu,16,usernetes-vs-kubernetes,time_seconds,279.281,16,usernetes
271,google/compute-engine/gpu,google,compute-engine,gpu,16,usernetes-vs-kubernetes,epoch_0_accuracy,0.6868,16,usernetes
272,google/compute-engine/gpu,google,compute-engine,gpu,16,usernetes-vs-kubernetes,epoch_0_loss,0.8287,16,usernetes
273,google/compute-engine/gpu,google,compute-engine,gpu,16,usernetes-vs-kubernetes,epoch_1_accuracy,0.7604,16,usernetes
274,google/compute-engine/gpu,google,compute-engine,gpu,16,usernetes-vs-kubernetes,epoch_1_loss,0.6533,16,usernetes
275,google/compute-engine/gpu,google,compute-engine,gpu,16,usernetes-vs-kubernetes,epoch_2_accuracy,0.7752,16,usernetes
276,google/compute-engine/gpu,google,compute-engine,gpu,16,usernetes-vs-kubernetes,epoch_2_loss,0.5952,16,usernetes
277,google/compute-engine/gpu,google,compute-engine,gpu,16,usernetes-vs-kubernetes,epoch_3_accuracy,0.807,16,usernetes
278,google/compute-engine/gpu,google,compute-engine,gpu,16,usernetes-vs-kubernetes,epoch_3_loss,0.5309,16,usernetes
279,google/compute-engine/gpu,google,compute-engine,gpu,16,usernetes-vs-kubernetes,time_seconds,276.165,16,usernetes
280,google/compute-engine/gpu,google,compute-engine,gpu,16,usernetes-vs-kubernetes,epoch_0_accuracy,0.6873,16,usernetes
281,google/compute-engine/gpu,google,compute-engine,gpu,16,usernetes-vs-kubernetes,epoch_0_loss,0.8286,16,usernetes
282,google/compute-engine/gpu,google,compute-engine,gpu,16,usernetes-vs-kubernetes,epoch_1_accuracy,0.7606,16,usernetes
283,google/compute-engine/gpu,google,compute-engine,gpu,16,usernetes-vs-kubernetes,epoch_1_loss,0.6535,16,usernetes
284,google/compute-engine/gpu,google,compute-engine,gpu,16,usernetes-vs-kubernetes,epoch_2_accuracy,0.7762,16,usernetes
285,google/compute-engine/gpu,google,compute-engine,gpu,16,usernetes-vs-kubernetes,epoch_2_loss,0.5943,16,usernetes
286,google/compute-engine/gpu,google,compute-engine,gpu,16,usernetes-vs-kubernetes,epoch_3_accuracy,0.8071,16,usernetes
287,google/compute-engine/gpu,google,compute-engine,gpu,16,usernetes-vs-kubernetes,epoch_3_loss,0.5319,16,usernetes
288,google/compute-engine/gpu,google,compute-engine,gpu,16,usernetes-vs-kubernetes,time_seconds,279.419,16,usernetes
289,google/compute-engine/gpu,google,compute-engine,gpu,16,usernetes-vs-kubernetes,epoch_0_accuracy,0.6876,16,usernetes
290,google/compute-engine/gpu,google,compute-engine,gpu,16,usernetes-vs-kubernetes,epoch_0_loss,0.8284,16,usernetes
291,google/compute-engine/gpu,google,compute-engine,gpu,16,usernetes-vs-kubernetes,epoch_1_accuracy,0.7617,16,usernetes
292,google/compute-engine/gpu,google,compute-engine,gpu,16,usernetes-vs-kubernetes,epoch_1_loss,0.6526,16,usernetes
293,google/compute-engine/gpu,google,compute-engine,gpu,16,usernetes-vs-kubernetes,epoch_2_accuracy,0.7756,16,usernetes
294,google/compute-engine/gpu,google,compute-engine,gpu,16,usernetes-vs-kubernetes,epoch_2_loss,0.5951,16,usernetes
295,google/compute-engine/gpu,google,compute-engine,gpu,16,usernetes-vs-kubernetes,epoch_3_accuracy,0.8072,16,usernetes
296,google/compute-engine/gpu,google,compute-engine,gpu,16,usernetes-vs-kubernetes,epoch_3_loss,0.5312,16,usernetes
297,google/compute-engine/gpu,google,compute-engine,gpu,16,usernetes-vs-kubernetes,time_seconds,395.326,16,usernetes
298,google/compute-engine/gpu,google,compute-engine,gpu,16,usernetes-vs-kubernetes,epoch_0_accuracy,0.688,16,usernetes
299,google/compute-engine/gpu,google,compute-engine,gpu,16,usernetes-vs-kubernetes,epoch_0_loss,0.8272,16,usernetes
300,google/compute-engine/gpu,google,compute-engine,gpu,16,usernetes-vs-kubernetes,epoch_1_accuracy,0.7609,16,usernetes
301,google/compute-engine/gpu,google,compute-engine,gpu,16,usernetes-vs-kubernetes,epoch_1_loss,0.6531,16,usernetes
302,google/compute-engine/gpu,google,compute-engine,gpu,16,usernetes-vs-kubernetes,epoch_2_accuracy,0.7757,16,usernetes
303,google/compute-engine/gpu,google,compute-engine,gpu,16,usernetes-vs-kubernetes,epoch_2_loss,0.5951,16,usernetes
304,google/compute-engine/gpu,google,compute-engine,gpu,16,usernetes-vs-kubernetes,epoch_3_accuracy,0.8072,16,usernetes
305,google/compute-engine/gpu,google,compute-engine,gpu,16,usernetes-vs-kubernetes,epoch_3_loss,0.5319,16,usernetes
306,google/compute-engine/gpu,google,compute-engine,gpu,2,usernetes-vs-kubernetes,time_seconds,116.697,2,usernetes
307,google/compute-engine/gpu,google,compute-engine,gpu,2,usernetes-vs-kubernetes,epoch_0_accuracy,0.687,2,usernetes
308,google/compute-engine/gpu,google,compute-engine,gpu,2,usernetes-vs-kubernetes,epoch_0_loss,0.829,2,usernetes
309,google/compute-engine/gpu,google,compute-engine,gpu,2,usernetes-vs-kubernetes,epoch_1_accuracy,0.7607,2,usernetes
310,google/compute-engine/gpu,google,compute-engine,gpu,2,usernetes-vs-kubernetes,epoch_1_loss,0.6534,2,usernetes
311,google/compute-engine/gpu,google,compute-engine,gpu,2,usernetes-vs-kubernetes,epoch_2_accuracy,0.7756,2,usernetes
312,google/compute-engine/gpu,google,compute-engine,gpu,2,usernetes-vs-kubernetes,epoch_2_loss,0.5945,2,usernetes
313,google/compute-engine/gpu,google,compute-engine,gpu,2,usernetes-vs-kubernetes,epoch_3_accuracy,0.8073,2,usernetes
314,google/compute-engine/gpu,google,compute-engine,gpu,2,usernetes-vs-kubernetes,epoch_3_loss,0.5316,2,usernetes
315,google/compute-engine/gpu,google,compute-engine,gpu,2,usernetes-vs-kubernetes,time_seconds,124.472,2,usernetes
316,google/compute-engine/gpu,google,compute-engine,gpu,2,usernetes-vs-kubernetes,epoch_0_accuracy,0.6866,2,usernetes
317,google/compute-engine/gpu,google,compute-engine,gpu,2,usernetes-vs-kubernetes,epoch_0_loss,0.8294,2,usernetes
318,google/compute-engine/gpu,google,compute-engine,gpu,2,usernetes-vs-kubernetes,epoch_1_accuracy,0.7607,2,usernetes
319,google/compute-engine/gpu,google,compute-engine,gpu,2,usernetes-vs-kubernetes,epoch_1_loss,0.6526,2,usernetes
320,google/compute-engine/gpu,google,compute-engine,gpu,2,usernetes-vs-kubernetes,epoch_2_accuracy,0.7758,2,usernetes
321,google/compute-engine/gpu,google,compute-engine,gpu,2,usernetes-vs-kubernetes,epoch_2_loss,0.5951,2,usernetes
322,google/compute-engine/gpu,google,compute-engine,gpu,2,usernetes-vs-kubernetes,epoch_3_accuracy,0.8074,2,usernetes
323,google/compute-engine/gpu,google,compute-engine,gpu,2,usernetes-vs-kubernetes,epoch_3_loss,0.5306,2,usernetes
324,google/compute-engine/gpu,google,compute-engine,gpu,2,usernetes-vs-kubernetes,time_seconds,118.186,2,usernetes
325,google/compute-engine/gpu,google,compute-engine,gpu,2,usernetes-vs-kubernetes,epoch_0_accuracy,0.6873,2,usernetes
326,google/compute-engine/gpu,google,compute-engine,gpu,2,usernetes-vs-kubernetes,epoch_0_loss,0.8281,2,usernetes
327,google/compute-engine/gpu,google,compute-engine,gpu,2,usernetes-vs-kubernetes,epoch_1_accuracy,0.7607,2,usernetes
328,google/compute-engine/gpu,google,compute-engine,gpu,2,usernetes-vs-kubernetes,epoch_1_loss,0.6527,2,usernetes
329,google/compute-engine/gpu,google,compute-engine,gpu,2,usernetes-vs-kubernetes,epoch_2_accuracy,0.7748,2,usernetes
330,google/compute-engine/gpu,google,compute-engine,gpu,2,usernetes-vs-kubernetes,epoch_2_loss,0.596,2,usernetes
331,google/compute-engine/gpu,google,compute-engine,gpu,2,usernetes-vs-kubernetes,epoch_3_accuracy,0.8073,2,usernetes
332,google/compute-engine/gpu,google,compute-engine,gpu,2,usernetes-vs-kubernetes,epoch_3_loss,0.5317,2,usernetes
333,google/compute-engine/gpu,google,compute-engine,gpu,2,usernetes-vs-kubernetes,time_seconds,168.598,2,usernetes
334,google/compute-engine/gpu,google,compute-engine,gpu,2,usernetes-vs-kubernetes,epoch_0_accuracy,0.6876,2,usernetes
335,google/compute-engine/gpu,google,compute-engine,gpu,2,usernetes-vs-kubernetes,epoch_0_loss,0.8287,2,usernetes
336,google/compute-engine/gpu,google,compute-engine,gpu,2,usernetes-vs-kubernetes,epoch_1_accuracy,0.761,2,usernetes
337,google/compute-engine/gpu,google,compute-engine,gpu,2,usernetes-vs-kubernetes,epoch_1_loss,0.6532,2,usernetes
338,google/compute-engine/gpu,google,compute-engine,gpu,2,usernetes-vs-kubernetes,epoch_2_accuracy,0.7753,2,usernetes
339,google/compute-engine/gpu,google,compute-engine,gpu,2,usernetes-vs-kubernetes,epoch_2_loss,0.5948,2,usernetes
340,google/compute-engine/gpu,google,compute-engine,gpu,2,usernetes-vs-kubernetes,epoch_3_accuracy,0.8077,2,usernetes
341,google/compute-engine/gpu,google,compute-engine,gpu,2,usernetes-vs-kubernetes,epoch_3_loss,0.5306,2,usernetes
342,google/compute-engine/gpu,google,compute-engine,gpu,2,usernetes-vs-kubernetes,time_seconds,126.653,2,usernetes
343,google/compute-engine/gpu,google,compute-engine,gpu,2,usernetes-vs-kubernetes,epoch_0_accuracy,0.6875,2,usernetes
344,google/compute-engine/gpu,google,compute-engine,gpu,2,usernetes-vs-kubernetes,epoch_0_loss,0.8283,2,usernetes
345,google/compute-engine/gpu,google,compute-engine,gpu,2,usernetes-vs-kubernetes,epoch_1_accuracy,0.7601,2,usernetes
346,google/compute-engine/gpu,google,compute-engine,gpu,2,usernetes-vs-kubernetes,epoch_1_loss,0.6533,2,usernetes
347,google/compute-engine/gpu,google,compute-engine,gpu,2,usernetes-vs-kubernetes,epoch_2_accuracy,0.7751,2,usernetes
348,google/compute-engine/gpu,google,compute-engine,gpu,2,usernetes-vs-kubernetes,epoch_2_loss,0.5954,2,usernetes
349,google/compute-engine/gpu,google,compute-engine,gpu,2,usernetes-vs-kubernetes,epoch_3_accuracy,0.8071,2,usernetes
350,google/compute-engine/gpu,google,compute-engine,gpu,2,usernetes-vs-kubernetes,epoch_3_loss,0.5306,2,usernetes
351,google/compute-engine/gpu,google,compute-engine,gpu,2,usernetes-vs-kubernetes,time_seconds,149.977,2,usernetes
352,google/compute-engine/gpu,google,compute-engine,gpu,2,usernetes-vs-kubernetes,epoch_0_accuracy,0.6872,2,usernetes
353,google/compute-engine/gpu,google,compute-engine,gpu,2,usernetes-vs-kubernetes,epoch_0_loss,0.8281,2,usernetes
354,google/compute-engine/gpu,google,compute-engine,gpu,2,usernetes-vs-kubernetes,epoch_1_accuracy,0.7605,2,usernetes
355,google/compute-engine/gpu,google,compute-engine,gpu,2,usernetes-vs-kubernetes,epoch_1_loss,0.6534,2,usernetes
356,google/compute-engine/gpu,google,compute-engine,gpu,2,usernetes-vs-kubernetes,epoch_2_accuracy,0.7751,2,usernetes
357,google/compute-engine/gpu,google,compute-engine,gpu,2,usernetes-vs-kubernetes,epoch_2_loss,0.5949,2,usernetes
358,google/compute-engine/gpu,google,compute-engine,gpu,2,usernetes-vs-kubernetes,epoch_3_accuracy,0.807,2,usernetes
359,google/compute-engine/gpu,google,compute-engine,gpu,2,usernetes-vs-kubernetes,epoch_3_loss,0.5321,2,usernetes
360,google/compute-engine/gpu,google,compute-engine,gpu,32,usernetes-vs-kubernetes,time_seconds,386.974,32,usernetes
361,google/compute-engine/gpu,google,compute-engine,gpu,32,usernetes-vs-kubernetes,epoch_0_accuracy,0.6871,32,usernetes
362,google/compute-engine/gpu,google,compute-engine,gpu,32,usernetes-vs-kubernetes,epoch_0_loss,0.8285,32,usernetes
363,google/compute-engine/gpu,google,compute-engine,gpu,32,usernetes-vs-kubernetes,epoch_1_accuracy,0.7618,32,usernetes
364,google/compute-engine/gpu,google,compute-engine,gpu,32,usernetes-vs-kubernetes,epoch_1_loss,0.6528,32,usernetes
365,google/compute-engine/gpu,google,compute-engine,gpu,32,usernetes-vs-kubernetes,epoch_2_accuracy,0.7761,32,usernetes
366,google/compute-engine/gpu,google,compute-engine,gpu,32,usernetes-vs-kubernetes,epoch_2_loss,0.595,32,usernetes
367,google/compute-engine/gpu,google,compute-engine,gpu,32,usernetes-vs-kubernetes,epoch_3_accuracy,0.8084,32,usernetes
368,google/compute-engine/gpu,google,compute-engine,gpu,32,usernetes-vs-kubernetes,epoch_3_loss,0.531,32,usernetes
369,google/compute-engine/gpu,google,compute-engine,gpu,32,usernetes-vs-kubernetes,time_seconds,378.647,32,usernetes
370,google/compute-engine/gpu,google,compute-engine,gpu,32,usernetes-vs-kubernetes,epoch_0_accuracy,0.6871,32,usernetes
371,google/compute-engine/gpu,google,compute-engine,gpu,32,usernetes-vs-kubernetes,epoch_0_loss,0.8288,32,usernetes
372,google/compute-engine/gpu,google,compute-engine,gpu,32,usernetes-vs-kubernetes,epoch_1_accuracy,0.7614,32,usernetes
373,google/compute-engine/gpu,google,compute-engine,gpu,32,usernetes-vs-kubernetes,epoch_1_loss,0.6531,32,usernetes
374,google/compute-engine/gpu,google,compute-engine,gpu,32,usernetes-vs-kubernetes,epoch_2_accuracy,0.7758,32,usernetes
375,google/compute-engine/gpu,google,compute-engine,gpu,32,usernetes-vs-kubernetes,epoch_2_loss,0.5951,32,usernetes
376,google/compute-engine/gpu,google,compute-engine,gpu,32,usernetes-vs-kubernetes,epoch_3_accuracy,0.8072,32,usernetes
377,google/compute-engine/gpu,google,compute-engine,gpu,32,usernetes-vs-kubernetes,epoch_3_loss,0.5318,32,usernetes
378,google/compute-engine/gpu,google,compute-engine,gpu,32,usernetes-vs-kubernetes,time_seconds,472.384,32,usernetes
379,google/compute-engine/gpu,google,compute-engine,gpu,32,usernetes-vs-kubernetes,epoch_0_accuracy,0.6873,32,usernetes
380,google/compute-engine/gpu,google,compute-engine,gpu,32,usernetes-vs-kubernetes,epoch_0_loss,0.8282,32,usernetes
381,google/compute-engine/gpu,google,compute-engine,gpu,32,usernetes-vs-kubernetes,epoch_1_accuracy,0.7613,32,usernetes
382,google/compute-engine/gpu,google,compute-engine,gpu,32,usernetes-vs-kubernetes,epoch_1_loss,0.6532,32,usernetes
383,google/compute-engine/gpu,google,compute-engine,gpu,32,usernetes-vs-kubernetes,epoch_2_accuracy,0.7761,32,usernetes
384,google/compute-engine/gpu,google,compute-engine,gpu,32,usernetes-vs-kubernetes,epoch_2_loss,0.5946,32,usernetes
385,google/compute-engine/gpu,google,compute-engine,gpu,32,usernetes-vs-kubernetes,epoch_3_accuracy,0.807,32,usernetes
386,google/compute-engine/gpu,google,compute-engine,gpu,32,usernetes-vs-kubernetes,epoch_3_loss,0.5312,32,usernetes
387,google/compute-engine/gpu,google,compute-engine,gpu,32,usernetes-vs-kubernetes,time_seconds,384.93,32,usernetes
388,google/compute-engine/gpu,google,compute-engine,gpu,32,usernetes-vs-kubernetes,epoch_0_accuracy,0.687,32,usernetes
389,google/compute-engine/gpu,google,compute-engine,gpu,32,usernetes-vs-kubernetes,epoch_0_loss,0.8296,32,usernetes
390,google/compute-engine/gpu,google,compute-engine,gpu,32,usernetes-vs-kubernetes,epoch_1_accuracy,0.7611,32,usernetes
391,google/compute-engine/gpu,google,compute-engine,gpu,32,usernetes-vs-kubernetes,epoch_1_loss,0.6528,32,usernetes
392,google/compute-engine/gpu,google,compute-engine,gpu,32,usernetes-vs-kubernetes,epoch_2_accuracy,0.7755,32,usernetes
393,google/compute-engine/gpu,google,compute-engine,gpu,32,usernetes-vs-kubernetes,epoch_2_loss,0.5947,32,usernetes
394,google/compute-engine/gpu,google,compute-engine,gpu,32,usernetes-vs-kubernetes,epoch_3_accuracy,0.8068,32,usernetes
395,google/compute-engine/gpu,google,compute-engine,gpu,32,usernetes-vs-kubernetes,epoch_3_loss,0.5314,32,usernetes
396,google/compute-engine/gpu,google,compute-engine,gpu,4,usernetes-vs-kubernetes,time_seconds,229.867,4,usernetes
397,google/compute-engine/gpu,google,compute-engine,gpu,4,usernetes-vs-kubernetes,epoch_0_accuracy,0.6877,4,usernetes
398,google/compute-engine/gpu,google,compute-engine,gpu,4,usernetes-vs-kubernetes,epoch_0_loss,0.8287,4,usernetes
399,google/compute-engine/gpu,google,compute-engine,gpu,4,usernetes-vs-kubernetes,epoch_1_accuracy,0.7607,4,usernetes
400,google/compute-engine/gpu,google,compute-engine,gpu,4,usernetes-vs-kubernetes,epoch_1_loss,0.6524,4,usernetes
401,google/compute-engine/gpu,google,compute-engine,gpu,4,usernetes-vs-kubernetes,epoch_2_accuracy,0.7762,4,usernetes
402,google/compute-engine/gpu,google,compute-engine,gpu,4,usernetes-vs-kubernetes,epoch_2_loss,0.5942,4,usernetes
403,google/compute-engine/gpu,google,compute-engine,gpu,4,usernetes-vs-kubernetes,epoch_3_accuracy,0.8069,4,usernetes
404,google/compute-engine/gpu,google,compute-engine,gpu,4,usernetes-vs-kubernetes,epoch_3_loss,0.5323,4,usernetes
405,google/compute-engine/gpu,google,compute-engine,gpu,4,usernetes-vs-kubernetes,time_seconds,170.315,4,usernetes
406,google/compute-engine/gpu,google,compute-engine,gpu,4,usernetes-vs-kubernetes,epoch_0_accuracy,0.6878,4,usernetes
407,google/compute-engine/gpu,google,compute-engine,gpu,4,usernetes-vs-kubernetes,epoch_0_loss,0.8271,4,usernetes
408,google/compute-engine/gpu,google,compute-engine,gpu,4,usernetes-vs-kubernetes,epoch_1_accuracy,0.7607,4,usernetes
409,google/compute-engine/gpu,google,compute-engine,gpu,4,usernetes-vs-kubernetes,epoch_1_loss,0.6533,4,usernetes
410,google/compute-engine/gpu,google,compute-engine,gpu,4,usernetes-vs-kubernetes,epoch_2_accuracy,0.7754,4,usernetes
411,google/compute-engine/gpu,google,compute-engine,gpu,4,usernetes-vs-kubernetes,epoch_2_loss,0.5944,4,usernetes
412,google/compute-engine/gpu,google,compute-engine,gpu,4,usernetes-vs-kubernetes,epoch_3_accuracy,0.8074,4,usernetes
413,google/compute-engine/gpu,google,compute-engine,gpu,4,usernetes-vs-kubernetes,epoch_3_loss,0.5309,4,usernetes
414,google/compute-engine/gpu,google,compute-engine,gpu,4,usernetes-vs-kubernetes,time_seconds,179.454,4,usernetes
415,google/compute-engine/gpu,google,compute-engine,gpu,4,usernetes-vs-kubernetes,epoch_0_accuracy,0.6873,4,usernetes
416,google/compute-engine/gpu,google,compute-engine,gpu,4,usernetes-vs-kubernetes,epoch_0_loss,0.8286,4,usernetes
417,google/compute-engine/gpu,google,compute-engine,gpu,4,usernetes-vs-kubernetes,epoch_1_accuracy,0.7601,4,usernetes
418,google/compute-engine/gpu,google,compute-engine,gpu,4,usernetes-vs-kubernetes,epoch_1_loss,0.6535,4,usernetes
419,google/compute-engine/gpu,google,compute-engine,gpu,4,usernetes-vs-kubernetes,epoch_2_accuracy,0.7751,4,usernetes
420,google/compute-engine/gpu,google,compute-engine,gpu,4,usernetes-vs-kubernetes,epoch_2_loss,0.596,4,usernetes
421,google/compute-engine/gpu,google,compute-engine,gpu,4,usernetes-vs-kubernetes,epoch_3_accuracy,0.8079,4,usernetes
422,google/compute-engine/gpu,google,compute-engine,gpu,4,usernetes-vs-kubernetes,epoch_3_loss,0.5316,4,usernetes
423,google/compute-engine/gpu,google,compute-engine,gpu,4,usernetes-vs-kubernetes,time_seconds,172.102,4,usernetes
424,google/compute-engine/gpu,google,compute-engine,gpu,4,usernetes-vs-kubernetes,epoch_0_accuracy,0.6872,4,usernetes
425,google/compute-engine/gpu,google,compute-engine,gpu,4,usernetes-vs-kubernetes,epoch_0_loss,0.8291,4,usernetes
426,google/compute-engine/gpu,google,compute-engine,gpu,4,usernetes-vs-kubernetes,epoch_1_accuracy,0.7608,4,usernetes
427,google/compute-engine/gpu,google,compute-engine,gpu,4,usernetes-vs-kubernetes,epoch_1_loss,0.6533,4,usernetes
428,google/compute-engine/gpu,google,compute-engine,gpu,4,usernetes-vs-kubernetes,epoch_2_accuracy,0.7756,4,usernetes
429,google/compute-engine/gpu,google,compute-engine,gpu,4,usernetes-vs-kubernetes,epoch_2_loss,0.5953,4,usernetes
430,google/compute-engine/gpu,google,compute-engine,gpu,4,usernetes-vs-kubernetes,epoch_3_accuracy,0.8069,4,usernetes
431,google/compute-engine/gpu,google,compute-engine,gpu,4,usernetes-vs-kubernetes,epoch_3_loss,0.5321,4,usernetes
432,google/compute-engine/gpu,google,compute-engine,gpu,4,usernetes-vs-kubernetes,time_seconds,178.175,4,usernetes
433,google/compute-engine/gpu,google,compute-engine,gpu,4,usernetes-vs-kubernetes,epoch_0_accuracy,0.6874,4,usernetes
434,google/compute-engine/gpu,google,compute-engine,gpu,4,usernetes-vs-kubernetes,epoch_0_loss,0.8282,4,usernetes
435,google/compute-engine/gpu,google,compute-engine,gpu,4,usernetes-vs-kubernetes,epoch_1_accuracy,0.7604,4,usernetes
436,google/compute-engine/gpu,google,compute-engine,gpu,4,usernetes-vs-kubernetes,epoch_1_loss,0.6529,4,usernetes
437,google/compute-engine/gpu,google,compute-engine,gpu,4,usernetes-vs-kubernetes,epoch_2_accuracy,0.7761,4,usernetes
438,google/compute-engine/gpu,google,compute-engine,gpu,4,usernetes-vs-kubernetes,epoch_2_loss,0.5946,4,usernetes
439,google/compute-engine/gpu,google,compute-engine,gpu,4,usernetes-vs-kubernetes,epoch_3_accuracy,0.807,4,usernetes
440,google/compute-engine/gpu,google,compute-engine,gpu,4,usernetes-vs-kubernetes,epoch_3_loss,0.5312,4,usernetes
441,google/compute-engine/gpu,google,compute-engine,gpu,4,usernetes-vs-kubernetes,time_seconds,177.82,4,usernetes
442,google/compute-engine/gpu,google,compute-engine,gpu,4,usernetes-vs-kubernetes,epoch_0_accuracy,0.6878,4,usernetes
443,google/compute-engine/gpu,google,compute-engine,gpu,4,usernetes-vs-kubernetes,epoch_0_loss,0.8272,4,usernetes
444,google/compute-engine/gpu,google,compute-engine,gpu,4,usernetes-vs-kubernetes,epoch_1_accuracy,0.7616,4,usernetes
445,google/compute-engine/gpu,google,compute-engine,gpu,4,usernetes-vs-kubernetes,epoch_1_loss,0.6526,4,usernetes
446,google/compute-engine/gpu,google,compute-engine,gpu,4,usernetes-vs-kubernetes,epoch_2_accuracy,0.7758,4,usernetes
447,google/compute-engine/gpu,google,compute-engine,gpu,4,usernetes-vs-kubernetes,epoch_2_loss,0.595,4,usernetes
448,google/compute-engine/gpu,google,compute-engine,gpu,4,usernetes-vs-kubernetes,epoch_3_accuracy,0.8071,4,usernetes
449,google/compute-engine/gpu,google,compute-engine,gpu,4,usernetes-vs-kubernetes,epoch_3_loss,0.5312,4,usernetes
450,google/compute-engine/gpu,google,compute-engine,gpu,8,usernetes-vs-kubernetes,time_seconds,207.631,8,usernetes
451,google/compute-engine/gpu,google,compute-engine,gpu,8,usernetes-vs-kubernetes,epoch_0_accuracy,0.6873,8,usernetes
452,google/compute-engine/gpu,google,compute-engine,gpu,8,usernetes-vs-kubernetes,epoch_0_loss,0.8282,8,usernetes
453,google/compute-engine/gpu,google,compute-engine,gpu,8,usernetes-vs-kubernetes,epoch_1_accuracy,0.7608,8,usernetes
454,google/compute-engine/gpu,google,compute-engine,gpu,8,usernetes-vs-kubernetes,epoch_1_loss,0.6531,8,usernetes
455,google/compute-engine/gpu,google,compute-engine,gpu,8,usernetes-vs-kubernetes,epoch_2_accuracy,0.7754,8,usernetes
456,google/compute-engine/gpu,google,compute-engine,gpu,8,usernetes-vs-kubernetes,epoch_2_loss,0.5954,8,usernetes
457,google/compute-engine/gpu,google,compute-engine,gpu,8,usernetes-vs-kubernetes,epoch_3_accuracy,0.8074,8,usernetes
458,google/compute-engine/gpu,google,compute-engine,gpu,8,usernetes-vs-kubernetes,epoch_3_loss,0.5304,8,usernetes
459,google/compute-engine/gpu,google,compute-engine,gpu,8,usernetes-vs-kubernetes,time_seconds,299.794,8,usernetes
460,google/compute-engine/gpu,google,compute-engine,gpu,8,usernetes-vs-kubernetes,epoch_0_accuracy,0.6869,8,usernetes
461,google/compute-engine/gpu,google,compute-engine,gpu,8,usernetes-vs-kubernetes,epoch_0_loss,0.8291,8,usernetes
462,google/compute-engine/gpu,google,compute-engine,gpu,8,usernetes-vs-kubernetes,epoch_1_accuracy,0.7614,8,usernetes
463,google/compute-engine/gpu,google,compute-engine,gpu,8,usernetes-vs-kubernetes,epoch_1_loss,0.653,8,usernetes
464,google/compute-engine/gpu,google,compute-engine,gpu,8,usernetes-vs-kubernetes,epoch_2_accuracy,0.7754,8,usernetes
465,google/compute-engine/gpu,google,compute-engine,gpu,8,usernetes-vs-kubernetes,epoch_2_loss,0.5952,8,usernetes
466,google/compute-engine/gpu,google,compute-engine,gpu,8,usernetes-vs-kubernetes,epoch_3_accuracy,0.8069,8,usernetes
467,google/compute-engine/gpu,google,compute-engine,gpu,8,usernetes-vs-kubernetes,epoch_3_loss,0.5309,8,usernetes
468,google/compute-engine/gpu,google,compute-engine,gpu,8,usernetes-vs-kubernetes,time_seconds,211.568,8,usernetes
469,google/compute-engine/gpu,google,compute-engine,gpu,8,usernetes-vs-kubernetes,epoch_0_accuracy,0.6876,8,usernetes
470,google/compute-engine/gpu,google,compute-engine,gpu,8,usernetes-vs-kubernetes,epoch_0_loss,0.829,8,usernetes
471,google/compute-engine/gpu,google,compute-engine,gpu,8,usernetes-vs-kubernetes,epoch_1_accuracy,0.7604,8,usernetes
472,google/compute-engine/gpu,google,compute-engine,gpu,8,usernetes-vs-kubernetes,epoch_1_loss,0.6534,8,usernetes
473,google/compute-engine/gpu,google,compute-engine,gpu,8,usernetes-vs-kubernetes,epoch_2_accuracy,0.7757,8,usernetes
474,google/compute-engine/gpu,google,compute-engine,gpu,8,usernetes-vs-kubernetes,epoch_2_loss,0.595,8,usernetes
475,google/compute-engine/gpu,google,compute-engine,gpu,8,usernetes-vs-kubernetes,epoch_3_accuracy,0.8065,8,usernetes
476,google/compute-engine/gpu,google,compute-engine,gpu,8,usernetes-vs-kubernetes,epoch_3_loss,0.532,8,usernetes
477,google/compute-engine/gpu,google,compute-engine,gpu,8,usernetes-vs-kubernetes,time_seconds,206.629,8,usernetes
478,google/compute-engine/gpu,google,compute-engine,gpu,8,usernetes-vs-kubernetes,epoch_0_accuracy,0.6867,8,usernetes
479,google/compute-engine/gpu,google,compute-engine,gpu,8,usernetes-vs-kubernetes,epoch_0_loss,0.8298,8,usernetes
480,google/compute-engine/gpu,google,compute-engine,gpu,8,usernetes-vs-kubernetes,epoch_1_accuracy,0.7606,8,usernetes
481,google/compute-engine/gpu,google,compute-engine,gpu,8,usernetes-vs-kubernetes,epoch_1_loss,0.6528,8,usernetes
482,google/compute-engine/gpu,google,compute-engine,gpu,8,usernetes-vs-kubernetes,epoch_2_accuracy,0.7758,8,usernetes
483,google/compute-engine/gpu,google,compute-engine,gpu,8,usernetes-vs-kubernetes,epoch_2_loss,0.5947,8,usernetes
484,google/compute-engine/gpu,google,compute-engine,gpu,8,usernetes-vs-kubernetes,epoch_3_accuracy,0.8073,8,usernetes
485,google/compute-engine/gpu,google,compute-engine,gpu,8,usernetes-vs-kubernetes,epoch_3_loss,0.5312,8,usernetes
486,google/compute-engine/gpu,google,compute-engine,gpu,8,usernetes-vs-kubernetes,time_seconds,212.808,8,usernetes
487,google/compute-engine/gpu,google,compute-engine,gpu,8,usernetes-vs-kubernetes,epoch_0_accuracy,0.6874,8,usernetes
488,google/compute-engine/gpu,google,compute-engine,gpu,8,usernetes-vs-kubernetes,epoch_0_loss,0.8275,8,usernetes
489,google/compute-engine/gpu,google,compute-engine,gpu,8,usernetes-vs-kubernetes,epoch_1_accuracy,0.76,8,usernetes
490,google/compute-engine/gpu,google,compute-engine,gpu,8,usernetes-vs-kubernetes,epoch_1_loss,0.6531,8,usernetes
491,google/compute-engine/gpu,google,compute-engine,gpu,8,usernetes-vs-kubernetes,epoch_2_accuracy,0.7753,8,usernetes
492,google/compute-engine/gpu,google,compute-engine,gpu,8,usernetes-vs-kubernetes,epoch_2_loss,0.5944,8,usernetes
493,google/compute-engine/gpu,google,compute-engine,gpu,8,usernetes-vs-kubernetes,epoch_3_accuracy,0.8071,8,usernetes
494,google/compute-engine/gpu,google,compute-engine,gpu,8,usernetes-vs-kubernetes,epoch_3_loss,0.5305,8,usernetes
495,google/compute-engine/gpu,google,compute-engine,gpu,8,usernetes-vs-kubernetes,time_seconds,213.801,8,usernetes
496,google/compute-engine/gpu,google,compute-engine,gpu,8,usernetes-vs-kubernetes,epoch_0_accuracy,0.6882,8,usernetes
497,google/compute-engine/gpu,google,compute-engine,gpu,8,usernetes-vs-kubernetes,epoch_0_loss,0.8269,8,usernetes
498,google/compute-engine/gpu,google,compute-engine,gpu,8,usernetes-vs-kubernetes,epoch_1_accuracy,0.7606,8,usernetes
499,google/compute-engine/gpu,google,compute-engine,gpu,8,usernetes-vs-kubernetes,epoch_1_loss,0.6532,8,usernetes
500,google/compute-engine/gpu,google,compute-engine,gpu,8,usernetes-vs-kubernetes,epoch_2_accuracy,0.7751,8,usernetes
501,google/compute-engine/gpu,google,compute-engine,gpu,8,usernetes-vs-kubernetes,epoch_2_loss,0.5957,8,usernetes
502,google/compute-engine/gpu,google,compute-engine,gpu,8,usernetes-vs-kubernetes,epoch_3_accuracy,0.8069,8,usernetes
503,google/compute-engine/gpu,google,compute-engine,gpu,8,usernetes-vs-kubernetes,epoch_3_loss,0.5316,8,usernetes
